Point No,Type,Longitude,Latitude,Easting UTM,Northing UTM,UTM Zone,Azimuth (deg),Distance (m),Elevation (m),Verified,Remarks
P1,vertex,85.3000000,27.7000000,332377.02,3065126.72,45,90.00,20.00,1292.00,No,
P2,interpolated,85.3002031,27.7000000,332397.05,3065126.44,45,90.00,20.00,1292.00,No,
P3,interpolated,85.3004063,27.7000000,332417.09,3065126.16,45,90.00,20.00,1292.00,No,
P4,interpolated,85.3006094,27.7000000,332437.12,3065125.89,45,90.00,20.00,1291.00,No,
P5,interpolated,85.3008126,27.7000001,332457.16,3065125.62,45,90.00,20.00,1291.00,No,
P6,interpolated,85.3010157,27.7000001,332477.19,3065125.35,45,90.00,20.00,1293.00,No,
P7,interpolated,85.3012189,27.7000001,332497.23,3065125.07,45,90.00,20.00,1293.00,No,
P8,interpolated,85.3014220,27.7000001,332517.26,3065124.80,45,90.00,20.00,1295.00,No,
P9,interpolated,85.3016252,27.7000001,332537.30,3065124.52,45,90.00,20.00,1294.00,No,
P10,interpolated,85.3018283,27.7000001,332557.33,3065124.24,45,90.00,20.00,1293.00,No,
P11,interpolated,85.3020315,27.7000001,332577.37,3065123.97,45,90.00,20.00,1293.00,No,
P12,interpolated,85.3022346,27.7000001,332597.40,3065123.69,45,90.00,20.00,1292.00,No,
P13,interpolated,85.3024377,27.7000002,332617.42,3065123.42,45,90.00,20.00,1292.00,No,
P14,interpolated,85.3026409,27.7000002,332637.46,3065123.15,45,90.00,20.00,1293.00,No,
P15,interpolated,85.3028440,27.7000002,332657.49,3065122.87,45,90.00,20.00,1293.00,No,
P16,interpolated,85.3030472,27.7000002,332677.53,3065122.60,45,90.00,20.00,1295.00,No,
P17,interpolated,85.3032503,27.7000002,332697.56,3065122.32,45,90.00,20.00,1298.00,No,
P18,interpolated,85.3034535,27.7000002,332717.60,3065122.05,45,90.00,20.00,1303.00,No,
P19,interpolated,85.3036566,27.7000002,332737.63,3065121.77,45,90.00,20.00,1303.00,No,
P20,interpolated,85.3038598,27.7000002,332757.67,3065121.49,45,90.00,20.00,1307.00,No,
P21,interpolated,85.3040629,27.7000002,332777.70,3065121.22,45,90.00,20.00,1309.00,No,
P22,interpolated,85.3042661,27.7000002,332797.74,3065120.94,45,90.00,20.00,1311.00,No,
P23,interpolated,85.3044692,27.7000002,332817.77,3065120.67,45,90.00,20.00,1312.00,No,
P24,interpolated,85.3046724,27.7000003,332837.81,3065120.40,45,90.00,20.00,1312.00,No,
P25,interpolated,85.3048755,27.7000003,332857.84,3065120.13,45,90.00,20.00,1312.00,No,
P26,interpolated,85.3050786,27.7000003,332877.87,3065119.85,45,90.00,20.00,1313.00,No,
P27,interpolated,85.3052818,27.7000003,332897.90,3065119.58,45,90.00,20.00,1313.00,No,
P28,interpolated,85.3054849,27.7000003,332917.93,3065119.30,45,90.00,20.00,1313.00,No,
P29,interpolated,85.3056881,27.7000003,332937.97,3065119.02,45,90.00,20.00,1313.00,No,
P30,interpolated,85.3058912,27.7000003,332958.00,3065118.75,45,90.00,20.00,1314.00,No,
P31,interpolated,85.3060944,27.7000003,332978.04,3065118.47,45,90.00,20.00,1314.00,No,
P32,interpolated,85.3062975,27.7000003,332998.07,3065118.20,45,90.00,20.00,1314.00,No,
P33,interpolated,85.3065007,27.7000003,333018.11,3065117.92,45,90.00,20.00,1314.00,No,
P34,interpolated,85.3067038,27.7000003,333038.14,3065117.65,45,90.00,20.00,1314.00,No,
P35,interpolated,85.3069070,27.7000003,333058.18,3065117.37,45,90.00,20.00,1317.00,No,
P36,interpolated,85.3071101,27.7000003,333078.21,3065117.10,45,90.00,20.00,1317.00,No,
P37,interpolated,85.3073132,27.7000003,333098.24,3065116.82,45,90.00,20.00,1316.00,No,
P38,interpolated,85.3075164,27.7000003,333118.28,3065116.55,45,90.00,20.00,1313.00,No,
P39,interpolated,85.3077195,27.7000003,333138.31,3065116.27,45,90.00,20.00,1309.00,No,
P40,interpolated,85.3079227,27.7000003,333158.34,3065116.00,45,90.00,20.00,1309.00,No,
P41,interpolated,85.3081258,27.7000003,333178.38,3065115.72,45,90.00,20.00,1306.00,No,
P42,interpolated,85.3083290,27.7000003,333198.41,3065115.45,45,90.00,20.00,1307.00,No,
P43,interpolated,85.3085321,27.7000004,333218.44,3065115.18,45,90.00,20.00,1309.00,No,
P44,interpolated,85.3087353,27.7000004,333238.48,3065114.91,45,90.00,20.00,1309.00,No,
P45,interpolated,85.3089384,27.7000004,333258.51,3065114.63,45,90.00,20.00,1309.00,No,
P46,interpolated,85.3091416,27.7000004,333278.55,3065114.36,45,90.00,20.00,1309.00,No,
P47,interpolated,85.3093447,27.7000004,333298.58,3065114.08,45,90.00,20.00,1310.00,No,
P48,interpolated,85.3095478,27.7000004,333318.61,3065113.81,45,90.00,20.00,1310.00,No,
P49,interpolated,85.3097510,27.7000004,333338.65,3065113.53,45,90.00,20.00,1312.00,No,
P50,interpolated,85.3099541,27.7000004,333358.68,3065113.26,45,90.00,20.00,1311.00,No,
P51,interpolated,85.3101573,27.7000004,333378.72,3065112.98,45,90.00,20.00,1307.00,No,
P52,interpolated,85.3103604,27.7000004,333398.75,3065112.71,45,90.00,20.00,1307.00,No,
P53,interpolated,85.3105636,27.7000004,333418.79,3065112.43,45,90.00,20.00,1307.00,No,
P54,interpolated,85.3107667,27.7000004,333438.82,3065112.16,45,90.00,20.00,1309.00,No,
P55,interpolated,85.3109699,27.7000004,333458.85,3065111.88,45,90.00,20.00,1312.00,No,
P56,interpolated,85.3111730,27.7000004,333478.88,3065111.61,45,90.00,20.00,1312.00,No,
P57,interpolated,85.3113762,27.7000004,333498.92,3065111.34,45,90.00,20.00,1314.00,No,
P58,interpolated,85.3115793,27.7000004,333518.95,3065111.06,45,90.00,20.00,1316.00,No,
P59,interpolated,85.3117825,27.7000003,333538.99,3065110.78,45,90.00,20.00,1316.00,No,
P60,interpolated,85.3119856,27.7000003,333559.02,3065110.50,45,90.00,20.00,1316.00,No,
P61,interpolated,85.3121887,27.7000003,333579.05,3065110.23,45,90.00,20.00,1316.00,No,
P62,interpolated,85.3123919,27.7000003,333599.09,3065109.95,45,90.00,20.00,1315.00,No,
P63,interpolated,85.3125950,27.7000003,333619.12,3065109.68,45,90.00,20.00,1316.00,No,
P64,interpolated,85.3127982,27.7000003,333639.16,3065109.40,45,90.00,20.00,1316.00,No,
P65,interpolated,85.3130013,27.7000003,333659.19,3065109.13,45,90.00,20.00,1314.00,No,
P66,interpolated,85.3132045,27.7000003,333679.23,3065108.86,45,90.00,20.00,1309.00,No,
P67,interpolated,85.3134076,27.7000003,333699.26,3065108.58,45,90.00,20.00,1307.00,No,
P68,interpolated,85.3136108,27.7000003,333719.29,3065108.31,45,90.00,20.00,1307.00,No,
P69,interpolated,85.3138139,27.7000003,333739.32,3065108.03,45,90.00,20.00,1306.00,No,
P70,interpolated,85.3140171,27.7000003,333759.36,3065107.76,45,90.00,20.00,1306.00,No,
P71,interpolated,85.3142202,27.7000003,333779.39,3065107.48,45,90.00,20.00,1306.00,No,
P72,interpolated,85.3144233,27.7000003,333799.42,3065107.21,45,90.00,20.00,1306.00,No,
P73,interpolated,85.3146265,27.7000003,333819.46,3065106.94,45,90.00,20.00,1307.00,No,
P74,interpolated,85.3148296,27.7000003,333839.49,3065106.66,45,90.00,20.00,1309.00,No,
P75,interpolated,85.3150328,27.7000003,333859.53,3065106.39,45,90.00,20.00,1313.00,No,
P76,interpolated,85.3152359,27.7000003,333879.56,3065106.11,45,90.00,20.00,1313.00,No,
P77,interpolated,85.3154391,27.7000003,333899.60,3065105.84,45,90.00,20.00,1311.00,No,
P78,interpolated,85.3156422,27.7000002,333919.63,3065105.56,45,90.00,20.00,1304.00,No,
P79,interpolated,85.3158454,27.7000002,333939.67,3065105.28,45,90.00,20.00,1301.00,No,
P80,interpolated,85.3160485,27.7000002,333959.70,3065105.01,45,90.00,20.00,1301.00,No,
P81,interpolated,85.3162517,27.7000002,333979.73,3065104.73,45,90.00,20.00,1302.00,No,
P82,interpolated,85.3164548,27.7000002,333999.76,3065104.46,45,90.00,20.00,1305.00,No,
P83,interpolated,85.3166579,27.7000002,334019.79,3065104.19,45,90.00,20.00,1304.00,No,
P84,interpolated,85.3168611,27.7000002,334039.83,3065103.91,45,90.00,20.00,1304.00,No,
P85,interpolated,85.3170642,27.7000002,334059.86,3065103.64,45,90.00,20.00,1301.00,No,
P86,interpolated,85.3172674,27.7000002,334079.90,3065103.37,45,90.00,20.00,1298.00,No,
P87,interpolated,85.3174705,27.7000002,334099.93,3065103.09,45,90.00,20.00,1300.00,No,
P88,interpolated,85.3176737,27.7000001,334119.97,3065102.81,45,90.00,20.00,1300.00,No,
P89,interpolated,85.3178768,27.7000001,334140.00,3065102.53,45,90.00,20.00,1301.00,No,
P90,interpolated,85.3180800,27.7000001,334160.04,3065102.26,45,90.00,20.00,1301.00,No,
P91,interpolated,85.3182831,27.7000001,334180.07,3065101.99,45,90.00,20.00,1302.00,No,
P92,interpolated,85.3184863,27.7000001,334200.10,3065101.71,45,90.00,20.00,1302.00,No,
P93,interpolated,85.3186894,27.7000001,334220.14,3065101.44,45,90.00,20.00,1302.00,No,
P94,interpolated,85.3188926,27.7000001,334240.17,3065101.17,45,90.00,20.00,1299.00,No,
P95,interpolated,85.3190957,27.7000001,334260.20,3065100.89,45,90.00,20.00,1295.00,No,
P96,interpolated,85.3192988,27.7000000,334280.23,3065100.61,45,90.00,20.00,1291.00,No,
P97,interpolated,85.3195020,27.7000000,334300.27,3065100.34,45,90.00,20.00,1291.00,No,
P98,interpolated,85.3197051,27.7000000,334320.30,3065100.06,45,90.00,20.00,1291.00,No,
P99,interpolated,85.3199083,27.7000000,334340.34,3065099.79,45,90.00,9.03,1293.00,No,
P100,vertex,85.3200000,27.7000000,334349.38,3065099.67,45,,20.00,1293.00,No,
P101,interpolated,85.3200000,27.7001799,334349.66,3065119.60,45,,20.00,1293.00,No,
P102,interpolated,85.3200000,27.7003597,334349.93,3065139.52,45,,20.00,1296.00,No,
P103,interpolated,85.3200000,27.7005396,334350.20,3065159.45,45,,20.00,1296.00,No,
P104,interpolated,85.3200000,27.7007195,334350.47,3065179.38,45,,20.00,1298.00,No,
P105,interpolated,85.3200000,27.7008993,334350.74,3065199.31,45,,20.00,1298.00,No,
P106,interpolated,85.3200000,27.7010792,334351.01,3065219.24,45,,20.00,1297.00,No,
P107,interpolated,85.3200000,27.7012590,334351.28,3065239.16,45,,20.00,1297.00,No,
P108,interpolated,85.3200000,27.7014389,334351.56,3065259.09,45,,20.00,1296.00,No,
P109,interpolated,85.3200000,27.7016188,334351.83,3065279.03,45,,20.00,1294.00,No,
P110,interpolated,85.3200000,27.7017986,334352.10,3065298.95,45,,20.00,1294.00,No,
P111,interpolated,85.3200000,27.7019785,334352.37,3065318.88,45,,20.00,1295.00,No,
P112,interpolated,85.3200000,27.7021584,334352.64,3065338.81,45,,20.00,1297.00,No,
P113,interpolated,85.3200000,27.7023382,334352.92,3065358.73,45,,20.00,1297.00,No,
P114,interpolated,85.3200000,27.7025181,334353.19,3065378.67,45,,20.00,1300.00,No,
P115,interpolated,85.3200000,27.7026980,334353.46,3065398.60,45,,20.00,1303.00,No,
P116,interpolated,85.3200000,27.7028778,334353.73,3065418.52,45,,20.00,1303.00,No,
P117,interpolated,85.3200000,27.7030577,334354.00,3065438.45,45,,20.00,1305.00,No,
P118,interpolated,85.3200000,27.7032376,334354.27,3065458.38,45,,20.00,1307.00,No,
P119,interpolated,85.3200000,27.7034174,334354.55,3065478.31,45,,20.00,1307.00,No,
P120,interpolated,85.3200000,27.7035973,334354.82,3065498.24,45,,20.00,1307.00,No,
P121,interpolated,85.3200000,27.7037771,334355.09,3065518.16,45,,20.00,1305.00,No,
P122,interpolated,85.3200000,27.7039570,334355.36,3065538.09,45,,20.00,1305.00,No,
P123,interpolated,85.3200000,27.7041369,334355.63,3065558.02,45,,20.00,1301.00,No,
P124,interpolated,85.3200000,27.7043167,334355.90,3065577.95,45,,20.00,1299.00,No,
P125,interpolated,85.3200000,27.7044966,334356.18,3065597.88,45,,20.00,1299.00,No,
P126,interpolated,85.3200000,27.7046765,334356.45,3065617.81,45,,20.00,1301.00,No,
P127,interpolated,85.3200000,27.7048563,334356.72,3065637.73,45,,20.00,1303.00,No,
P128,interpolated,85.3200000,27.7050362,334356.99,3065657.66,45,,20.00,1303.00,No,
P129,interpolated,85.3200000,27.7052161,334357.26,3065677.60,45,,20.00,1303.00,No,
P130,interpolated,85.3200000,27.7053959,334357.54,3065697.52,45,,20.00,1303.00,No,
P131,interpolated,85.3200000,27.7055758,334357.81,3065717.45,45,,20.00,1303.00,No,
P132,interpolated,85.3200000,27.7057557,334358.08,3065737.38,45,,20.00,1302.00,No,
P133,interpolated,85.3200000,27.7059355,334358.35,3065757.31,45,,20.00,1302.00,No,
P134,interpolated,85.3200000,27.7061154,334358.62,3065777.24,45,,20.00,1302.00,No,
P135,interpolated,85.3200000,27.7062952,334358.89,3065797.16,45,,20.00,1303.00,No,
P136,interpolated,85.3200000,27.7064751,334359.16,3065817.09,45,,20.00,1303.00,No,
P137,interpolated,85.3200000,27.7066550,334359.44,3065837.02,45,,20.00,1303.00,No,
P138,interpolated,85.3200000,27.7068348,334359.71,3065856.95,45,,20.00,1304.00,No,
P139,interpolated,85.3200000,27.7070147,334359.98,3065876.88,45,,20.00,1304.00,No,
P140,interpolated,85.3200000,27.7071946,334360.25,3065896.81,45,,20.00,1304.00,No,
P141,interpolated,85.3200000,27.7073744,334360.52,3065916.73,45,,20.00,1303.00,No,
P142,interpolated,85.3200000,27.7075543,334360.80,3065936.66,45,,20.00,1303.00,No,
P143,interpolated,85.3200000,27.7077342,334361.07,3065956.60,45,,20.00,1303.00,No,
P144,interpolated,85.3200000,27.7079140,334361.34,3065976.52,45,,20.00,1304.00,No,
P145,interpolated,85.3200000,27.7080939,334361.61,3065996.45,45,,20.00,1305.00,No,
P146,interpolated,85.3200000,27.7082738,334361.88,3066016.38,45,,20.00,1305.00,No,
P147,interpolated,85.3200000,27.7084536,334362.16,3066036.30,45,,20.00,1306.00,No,
P148,interpolated,85.3200000,27.7086335,334362.43,3066056.24,45,,20.00,1306.00,No,
P149,interpolated,85.3200000,27.7088133,334362.70,3066076.16,45,,20.00,1306.00,No,
P150,interpolated,85.3200000,27.7089932,334362.97,3066096.09,45,,20.00,1306.00,No,
P151,interpolated,85.3200000,27.7091731,334363.24,3066116.02,45,,20.00,1306.00,No,
P152,interpolated,85.3200000,27.7093529,334363.51,3066135.95,45,,20.00,1306.00,No,
P153,interpolated,85.3200000,27.7095328,334363.78,3066155.88,45,,20.00,1306.00,No,
P154,interpolated,85.3200000,27.7097127,334364.06,3066175.81,45,,20.00,1307.00,No,
P155,interpolated,85.3200000,27.7098925,334364.33,3066195.73,45,,20.00,1307.00,No,
P156,interpolated,85.3200000,27.7100724,334364.60,3066215.66,45,,20.00,1308.00,No,
P157,interpolated,85.3200000,27.7102523,334364.87,3066235.60,45,,20.00,1309.00,No,
P158,interpolated,85.3200000,27.7104321,334365.14,3066255.52,45,,20.00,1309.00,No,
P159,interpolated,85.3200000,27.7106120,334365.42,3066275.45,45,,20.00,1310.00,No,
P160,interpolated,85.3200000,27.7107919,334365.69,3066295.38,45,,20.00,1311.00,No,
P161,interpolated,85.3200000,27.7109717,334365.96,3066315.30,45,,20.00,1311.00,No,
P162,interpolated,85.3200000,27.7111516,334366.23,3066335.24,45,,20.00,1312.00,No,
P163,interpolated,85.3200000,27.7113314,334366.50,3066355.16,45,,20.00,1312.00,No,
P164,interpolated,85.3200000,27.7115113,334366.78,3066375.09,45,,20.00,1312.00,No,
P165,interpolated,85.3200000,27.7116912,334367.05,3066395.02,45,,20.00,1310.00,No,
P166,interpolated,85.3200000,27.7118710,334367.32,3066414.94,45,,20.00,1310.00,No,
P167,interpolated,85.3200000,27.7120509,334367.59,3066434.88,45,,20.00,1310.00,No,
P168,interpolated,85.3200000,27.7122308,334367.86,3066454.81,45,,20.00,1311.00,No,
P169,interpolated,85.3200000,27.7124106,334368.13,3066474.73,45,,20.00,1311.00,No,
P170,interpolated,85.3200000,27.7125905,334368.41,3066494.66,45,,20.00,1311.00,No,
P171,interpolated,85.3200000,27.7127704,334368.68,3066514.60,45,,20.00,1310.00,No,
P172,interpolated,85.3200000,27.7129502,334368.95,3066534.52,45,,20.00,1307.00,No,
P173,interpolated,85.3200000,27.7131301,334369.22,3066554.45,45,,20.00,1307.00,No,
P174,interpolated,85.3200000,27.7133100,334369.49,3066574.38,45,,20.00,1306.00,No,
P175,interpolated,85.3200000,27.7134898,334369.76,3066594.30,45,,20.00,1307.00,No,
P176,interpolated,85.3200000,27.7136697,334370.04,3066614.24,45,,20.00,1307.00,No,
P177,interpolated,85.3200000,27.7138495,334370.31,3066634.16,45,,20.00,1308.00,No,
P178,interpolated,85.3200000,27.7140294,334370.58,3066654.09,45,,20.00,1309.00,No,
P179,interpolated,85.3200000,27.7142093,334370.85,3066674.02,45,,20.00,1309.00,No,
P180,interpolated,85.3200000,27.7143891,334371.12,3066693.94,45,,20.00,1309.00,No,
P181,interpolated,85.3200000,27.7145690,334371.40,3066713.88,45,,20.00,1310.00,No,
P182,interpolated,85.3200000,27.7147489,334371.67,3066733.81,45,,20.00,1310.00,No,
P183,interpolated,85.3200000,27.7149287,334371.94,3066753.73,45,,20.00,1311.00,No,
P184,interpolated,85.3200000,27.7151086,334372.21,3066773.66,45,,20.00,1309.00,No,
P185,interpolated,85.3200000,27.7152885,334372.48,3066793.60,45,,20.00,1309.00,No,
P186,interpolated,85.3200000,27.7154683,334372.76,3066813.52,45,,20.00,1306.00,No,
P187,interpolated,85.3200000,27.7156482,334373.03,3066833.45,45,,20.00,1310.00,No,
P188,interpolated,85.3200000,27.7158280,334373.30,3066853.37,45,,20.00,1310.00,No,
P189,interpolated,85.3200000,27.7160079,334373.57,3066873.30,45,,20.00,1317.00,No,
P190,interpolated,85.3200000,27.7161878,334373.84,3066893.24,45,,20.00,1318.00,No,
P191,interpolated,85.3200000,27.7163676,334374.12,3066913.16,45,,20.00,1318.00,No,
P192,interpolated,85.3200000,27.7165475,334374.39,3066933.09,45,,20.00,1315.00,No,
P193,interpolated,85.3200000,27.7167274,334374.66,3066953.02,45,,20.00,1314.00,No,
P194,interpolated,85.3200000,27.7169072,334374.93,3066972.94,45,,20.00,1314.00,No,
P195,interpolated,85.3200000,27.7170871,334375.20,3066992.88,45,,20.00,1316.00,No,
P196,interpolated,85.3200000,27.7172670,334375.47,3067012.81,45,,20.00,1316.00,No,
P197,interpolated,85.3200000,27.7174468,334375.75,3067032.73,45,,20.00,1316.00,No,
P198,interpolated,85.3200000,27.7176267,334376.02,3067052.66,45,,20.00,1316.00,No,
P199,interpolated,85.3200000,27.7178066,334376.29,3067072.60,45,,20.00,1317.00,No,
P200,interpolated,85.3200000,27.7179864,334376.56,3067092.52,45,,20.00,1317.00,No,
P201,interpolated,85.3200000,27.7181663,334376.83,3067112.45,45,,20.00,1317.00,No,
P202,interpolated,85.3200000,27.7183461,334377.10,3067132.37,45,,20.00,1317.00,No,
P203,interpolated,85.3200000,27.7185260,334377.38,3067152.30,45,,20.00,1317.00,No,
P204,interpolated,85.3200000,27.7187059,334377.65,3067172.24,45,,20.00,1318.00,No,
P205,interpolated,85.3200000,27.7188857,334377.92,3067192.16,45,,20.00,1320.00,No,
P206,interpolated,85.3200000,27.7190656,334378.19,3067212.09,45,,20.00,1320.00,No,
P207,interpolated,85.3200000,27.7192455,334378.46,3067232.02,45,,20.00,1321.00,No,
P208,interpolated,85.3200000,27.7194253,334378.74,3067251.94,45,,20.00,1321.00,No,
P209,interpolated,85.3200000,27.7196052,334379.01,3067271.88,45,,20.00,1321.00,No,
P210,interpolated,85.3200000,27.7197851,334379.28,3067291.81,45,,20.00,1320.00,No,
P211,interpolated,85.3200000,27.7199649,334379.55,3067311.73,45,,3.90,1319.00,No,
P212,vertex,85.3200000,27.7200000,334379.60,3067315.62,45,270.00,20.00,1319.00,No,
P213,interpolated,85.3197968,27.7200000,334359.57,3067315.89,45,270.00,20.00,1320.00,No,
P214,interpolated,85.3195936,27.7200000,334339.53,3067316.17,45,270.00,20.00,1320.00,No,
P215,interpolated,85.3193904,27.7200000,334319.50,3067316.44,45,270.00,20.00,1322.00,No,
P216,interpolated,85.3191873,27.7200001,334299.47,3067316.72,45,270.00,20.00,1323.00,No,
P217,interpolated,85.3189841,27.7200001,334279.44,3067317.00,45,270.00,20.00,1322.00,No,
P218,interpolated,85.3187809,27.7200001,334259.40,3067317.27,45,270.00,20.00,1322.00,No,
P219,interpolated,85.3185777,27.7200001,334239.37,3067317.55,45,270.00,20.00,1322.00,No,
P220,interpolated,85.3183745,27.7200001,334219.33,3067317.82,45,270.00,20.00,1323.00,No,
P221,interpolated,85.3181713,27.7200001,334199.30,3067318.09,45,270.00,20.00,1323.00,No,
P222,interpolated,85.3179682,27.7200001,334179.27,3067318.37,45,270.00,20.00,1323.00,No,
P223,interpolated,85.3177650,27.7200001,334159.24,3067318.64,45,270.00,20.00,1322.00,No,
P224,interpolated,85.3175618,27.7200002,334139.20,3067318.92,45,270.00,20.00,1323.00,No,
P225,interpolated,85.3173586,27.7200002,334119.16,3067319.20,45,270.00,20.00,1323.00,No,
P226,interpolated,85.3171554,27.7200002,334099.13,3067319.47,45,270.00,20.00,1323.00,No,
P227,interpolated,85.3169522,27.7200002,334079.09,3067319.75,45,270.00,20.00,1324.00,No,
P228,interpolated,85.3167491,27.7200002,334059.07,3067320.02,45,270.00,20.00,1323.00,No,
P229,interpolated,85.3165459,27.7200002,334039.03,3067320.29,45,270.00,20.00,1323.00,No,
P230,interpolated,85.3163427,27.7200002,334019.00,3067320.57,45,270.00,20.00,1323.00,No,
P231,interpolated,85.3161395,27.7200002,333998.96,3067320.84,45,270.00,20.00,1323.00,No,
P232,interpolated,85.3159363,27.7200002,333978.92,3067321.12,45,270.00,20.00,1322.00,No,
P233,interpolated,85.3157331,27.7200002,333958.89,3067321.39,45,270.00,20.00,1318.00,No,
P234,interpolated,85.3155300,27.7200002,333938.86,3067321.66,45,270.00,20.00,1318.00,No,
P235,interpolated,85.3153268,27.7200003,333918.83,3067321.95,45,270.00,20.00,1313.00,No,
P236,interpolated,85.3151236,27.7200003,333898.79,3067322.22,45,270.00,20.00,1310.00,No,
P237,interpolated,85.3149204,27.7200003,333878.76,3067322.50,45,270.00,20.00,1308.00,No,
P238,interpolated,85.3147172,27.7200003,333858.72,3067322.77,45,270.00,20.00,1308.00,No,
P239,interpolated,85.3145140,27.7200003,333838.69,3067323.04,45,270.00,20.00,1308.00,No,
P240,interpolated,85.3143109,27.7200003,333818.66,3067323.32,45,270.00,20.00,1309.00,No,
P241,interpolated,85.3141077,27.7200003,333798.63,3067323.59,45,270.00,20.00,1309.00,No,
P242,interpolated,85.3139045,27.7200003,333778.59,3067323.87,45,270.00,20.00,1309.00,No,
P243,interpolated,85.3137013,27.7200003,333758.56,3067324.14,45,270.00,20.00,1309.00,No,
P244,interpolated,85.3134981,27.7200003,333738.52,3067324.42,45,270.00,20.00,1307.00,No,
P245,interpolated,85.3132949,27.7200003,333718.48,3067324.69,45,270.00,20.00,1306.00,No,
P246,interpolated,85.3130917,27.7200003,333698.45,3067324.97,45,270.00,20.00,1307.00,No,
P247,interpolated,85.3128886,27.7200003,333678.42,3067325.24,45,270.00,20.00,1307.00,No,
P248,interpolated,85.3126854,27.7200003,333658.39,3067325.52,45,270.00,20.00,1306.00,No,
P249,interpolated,85.3124822,27.7200003,333638.35,3067325.79,45,270.00,20.00,1305.00,No,
P250,interpolated,85.3122790,27.7200003,333618.32,3067326.06,45,270.00,20.00,1302.00,No,
P251,interpolated,85.3120758,27.7200003,333598.28,3067326.34,45,270.00,20.00,1302.00,No,
P252,interpolated,85.3118726,27.7200003,333578.24,3067326.61,45,270.00,20.00,1301.00,No,
P253,interpolated,85.3116695,27.7200003,333558.22,3067326.89,45,270.00,20.00,1302.00,No,
P254,interpolated,85.3114663,27.7200004,333538.18,3067327.17,45,270.00,20.00,1302.00,No,
P255,interpolated,85.3112631,27.7200004,333518.15,3067327.45,45,270.00,20.00,1302.00,No,
P256,interpolated,85.3110599,27.7200004,333498.11,3067327.72,45,270.00,20.00,1301.00,No,
P257,interpolated,85.3108567,27.7200004,333478.08,3067328.00,45,270.00,20.00,1299.00,No,
P258,interpolated,85.3106535,27.7200004,333458.04,3067328.27,45,270.00,20.00,1299.00,No,
P259,interpolated,85.3104504,27.7200004,333438.02,3067328.55,45,270.00,20.00,1299.00,No,
P260,interpolated,85.3102472,27.7200004,333417.98,3067328.82,45,270.00,20.00,1301.00,No,
P261,interpolated,85.3100440,27.7200004,333397.94,3067329.10,45,270.00,20.00,1303.00,No,
P262,interpolated,85.3098408,27.7200004,333377.91,3067329.37,45,270.00,20.00,1303.00,No,
P263,interpolated,85.3096376,27.7200004,333357.87,3067329.65,45,270.00,20.00,1303.00,No,
P264,interpolated,85.3094344,27.7200004,333337.84,3067329.92,45,270.00,20.00,1303.00,No,
P265,interpolated,85.3092313,27.7200004,333317.81,3067330.20,45,270.00,20.00,1303.00,No,
P266,interpolated,85.3090281,27.7200004,333297.78,3067330.47,45,270.00,20.00,1304.00,No,
P267,interpolated,85.3088249,27.7200004,333277.74,3067330.75,45,270.00,20.00,1304.00,No,
P268,interpolated,85.3086217,27.7200004,333257.71,3067331.02,45,270.00,20.00,1304.00,No,
P269,interpolated,85.3084185,27.7200004,333237.67,3067331.30,45,270.00,20.00,1303.00,No,
P270,interpolated,85.3082153,27.7200003,333217.64,3067331.56,45,270.00,20.00,1300.00,No,
P271,interpolated,85.3080122,27.7200003,333197.61,3067331.84,45,270.00,20.00,1300.00,No,
P272,interpolated,85.3078090,27.7200003,333177.57,3067332.11,45,270.00,20.00,1298.00,No,
P273,interpolated,85.3076058,27.7200003,333157.54,3067332.39,45,270.00,20.00,1297.00,No,
P274,interpolated,85.3074026,27.7200003,333137.50,3067332.66,45,270.00,20.00,1298.00,No,
P275,interpolated,85.3071994,27.7200003,333117.47,3067332.94,45,270.00,20.00,1298.00,No,
P276,interpolated,85.3069962,27.7200003,333097.43,3067333.21,45,270.00,20.00,1300.00,No,
P277,interpolated,85.3067930,27.7200003,333077.40,3067333.49,45,270.00,20.00,1300.00,No,
P278,interpolated,85.3065899,27.7200003,333057.37,3067333.76,45,270.00,20.00,1298.00,No,
P279,interpolated,85.3063867,27.7200003,333037.34,3067334.04,45,270.00,20.00,1298.00,No,
P280,interpolated,85.3061835,27.7200003,333017.30,3067334.32,45,270.00,20.00,1297.00,No,
P281,interpolated,85.3059803,27.7200003,332997.26,3067334.59,45,270.00,20.00,1298.00,No,
P282,interpolated,85.3057771,27.7200003,332977.23,3067334.87,45,270.00,20.00,1297.00,No,
P283,interpolated,85.3055739,27.7200003,332957.19,3067335.14,45,270.00,20.00,1297.00,No,
P284,interpolated,85.3053708,27.7200003,332937.17,3067335.42,45,270.00,20.00,1298.00,No,
P285,interpolated,85.3051676,27.7200003,332917.13,3067335.69,45,270.00,20.00,1298.00,No,
P286,interpolated,85.3049644,27.7200003,332897.10,3067335.97,45,270.00,20.00,1301.00,No,
P287,interpolated,85.3047612,27.7200003,332877.06,3067336.25,45,270.00,20.00,1301.00,No,
P288,interpolated,85.3045580,27.7200003,332857.02,3067336.52,45,270.00,20.00,1303.00,No,
P289,interpolated,85.3043548,27.7200002,332836.99,3067336.79,45,270.00,20.00,1303.00,No,
P290,interpolated,85.3041517,27.7200002,332816.96,3067337.06,45,270.00,20.00,1300.00,No,
P291,interpolated,85.3039485,27.7200002,332796.93,3067337.34,45,270.00,20.00,1300.00,No,
P292,interpolated,85.3037453,27.7200002,332776.89,3067337.61,45,270.00,20.00,1299.00,No,
P293,interpolated,85.3035421,27.7200002,332756.86,3067337.89,45,270.00,20.00,1299.00,No,
P294,interpolated,85.3033389,27.7200002,332736.82,3067338.17,45,270.00,20.00,1299.00,No,
P295,interpolated,85.3031357,27.7200002,332716.79,3067338.44,45,270.00,20.00,1299.00,No,
P296,interpolated,85.3029326,27.7200002,332696.76,3067338.72,45,270.00,20.00,1297.00,No,
P297,interpolated,85.3027294,27.7200002,332676.72,3067338.99,45,270.00,20.00,1296.00,No,
P298,interpolated,85.3025262,27.7200002,332656.69,3067339.27,45,270.00,20.00,1296.00,No,
P299,interpolated,85.3023230,27.7200001,332636.65,3067339.54,45,270.00,20.00,1296.00,No,
P300,interpolated,85.3021198,27.7200001,332616.62,3067339.81,45,270.00,20.00,1298.00,No,
P301,interpolated,85.3019166,27.7200001,332596.58,3067340.09,45,270.00,20.00,1300.00,No,
P302,interpolated,85.3017134,27.7200001,332576.55,3067340.36,45,270.00,20.00,1299.00,No,
P303,interpolated,85.3015103,27.7200001,332556.52,3067340.64,45,270.00,20.00,1299.00,No,
P304,interpolated,85.3013071,27.7200001,332536.48,3067340.92,45,270.00,20.00,1297.00,No,
P305,interpolated,85.3011039,27.7200001,332516.45,3067341.19,45,270.00,20.00,1297.00,No,
P306,interpolated,85.3009007,27.7200001,332496.41,3067341.47,45,270.00,20.00,1298.00,No,
P307,interpolated,85.3006975,27.7200000,332476.38,3067341.74,45,270.00,20.00,1298.00,No,
P308,interpolated,85.3004943,27.7200000,332456.34,3067342.01,45,270.00,20.00,1298.00,No,
P309,interpolated,85.3002912,27.7200000,332436.32,3067342.29,45,270.00,20.00,1298.00,No,
P310,interpolated,85.3000880,27.7200000,332416.28,3067342.56,45,270.00,8.66,1296.00,No,
P311,vertex,85.3000000,27.7200000,332407.60,3067342.68,45,180.00,20.00,1296.00,No,
P312,interpolated,85.3000000,27.7198201,332407.33,3067322.75,45,180.00,20.00,1299.00,No,
P313,interpolated,85.3000000,27.7196403,332407.06,3067302.83,45,180.00,20.00,1300.00,No,
P314,interpolated,85.3000000,27.7194604,332406.78,3067282.90,45,180.00,20.00,1300.00,No,
P315,interpolated,85.3000000,27.7192805,332406.50,3067262.96,45,180.00,20.00,1298.00,No,
P316,interpolated,85.3000000,27.7191007,332406.23,3067243.04,45,180.00,20.00,1295.00,No,
P317,interpolated,85.3000000,27.7189208,332405.95,3067223.11,45,180.00,20.00,1295.00,No,
P318,interpolated,85.3000000,27.7187410,332405.68,3067203.19,45,180.00,20.00,1294.00,No,
P319,interpolated,85.3000000,27.7185611,332405.40,3067183.26,45,180.00,20.00,1296.00,No,
P320,interpolated,85.3000000,27.7183812,332405.13,3067163.32,45,180.00,20.00,1296.00,No,
P321,interpolated,85.3000000,27.7182014,332404.85,3067143.40,45,180.00,20.00,1294.00,No,
P322,interpolated,85.3000000,27.7180215,332404.58,3067123.47,45,180.00,20.00,1294.00,No,
P323,interpolated,85.3000000,27.7178416,332404.30,3067103.54,45,180.00,20.00,1294.00,No,
P324,interpolated,85.3000000,27.7176618,332404.03,3067083.62,45,180.00,20.00,1291.00,No,
P325,interpolated,85.3000000,27.7174819,332403.75,3067063.68,45,180.00,20.00,1293.00,No,
P326,interpolated,85.3000000,27.7173020,332403.48,3067043.75,45,180.00,20.00,1293.00,No,
P327,interpolated,85.3000000,27.7171222,332403.20,3067023.83,45,180.00,20.00,1294.00,No,
P328,interpolated,85.3000000,27.7169423,332402.93,3067003.90,45,180.00,20.00,1295.00,No,
P329,interpolated,85.3000000,27.7167624,332402.65,3066983.96,45,180.00,20.00,1295.00,No,
P330,interpolated,85.3000000,27.7165826,332402.38,3066964.04,45,180.00,20.00,1294.00,No,
P331,interpolated,85.3000000,27.7164027,332402.10,3066944.11,45,180.00,20.00,1293.00,No,
P332,interpolated,85.3000000,27.7162229,332401.83,3066924.19,45,180.00,20.00,1293.00,No,
P333,interpolated,85.3000000,27.7160430,332401.55,3066904.26,45,180.00,20.00,1295.00,No,
P334,interpolated,85.3000000,27.7158631,332401.28,3066884.32,45,180.00,20.00,1296.00,No,
P335,interpolated,85.3000000,27.7156833,332401.00,3066864.40,45,180.00,20.00,1296.00,No,
P336,interpolated,85.3000000,27.7155034,332400.73,3066844.47,45,180.00,20.00,1295.00,No,
P337,interpolated,85.3000000,27.7153235,332400.45,3066824.54,45,180.00,20.00,1295.00,No,
P338,interpolated,85.3000000,27.7151437,332400.18,3066804.61,45,180.00,20.00,1295.00,No,
P339,interpolated,85.3000000,27.7149638,332399.90,3066784.68,45,180.00,20.00,1297.00,No,
P340,interpolated,85.3000000,27.7147839,332399.63,3066764.75,45,180.00,20.00,1301.00,No,
P341,interpolated,85.3000000,27.7146041,332399.35,3066744.83,45,180.00,20.00,1301.00,No,
P342,interpolated,85.3000000,27.7144242,332399.08,3066724.89,45,180.00,20.00,1307.00,No,
P343,interpolated,85.3000000,27.7142443,332398.80,3066704.96,45,180.00,20.00,1316.00,No,
P344,interpolated,85.3000000,27.7140645,332398.53,3066685.04,45,180.00,20.00,1316.00,No,
P345,interpolated,85.3000000,27.7138846,332398.25,3066665.11,45,180.00,20.00,1322.00,No,
P346,interpolated,85.3000000,27.7137048,332397.98,3066645.19,45,180.00,20.00,1321.00,No,
P347,interpolated,85.3000000,27.7135249,332397.70,3066625.25,45,180.00,20.00,1321.00,No,
P348,interpolated,85.3000000,27.7133450,332397.43,3066605.32,45,180.00,20.00,1318.00,No,
P349,interpolated,85.3000000,27.7131652,332397.15,3066585.40,45,180.00,20.00,1316.00,No,
P350,interpolated,85.3000000,27.7129853,332396.88,3066565.47,45,180.00,20.00,1316.00,No,
P351,interpolated,85.3000000,27.7128054,332396.60,3066545.53,45,180.00,20.00,1314.00,No,
P352,interpolated,85.3000000,27.7126256,332396.33,3066525.61,45,180.00,20.00,1314.00,No,
P353,interpolated,85.3000000,27.7124457,332396.05,3066505.68,45,180.00,20.00,1314.00,No,
P354,interpolated,85.3000000,27.7122658,332395.78,3066485.75,45,180.00,20.00,1316.00,No,
P355,interpolated,85.3000000,27.7120860,332395.50,3066465.83,45,180.00,20.00,1318.00,No,
P356,interpolated,85.3000000,27.7119061,332395.23,3066445.89,45,180.00,20.00,1318.00,No,
P357,interpolated,85.3000000,27.7117262,332394.95,3066425.96,45,180.00,20.00,1318.00,No,
P358,interpolated,85.3000000,27.7115464,332394.68,3066406.04,45,180.00,20.00,1315.00,No,
P359,interpolated,85.3000000,27.7113665,332394.40,3066386.11,45,180.00,20.00,1315.00,No,
P360,interpolated,85.3000000,27.7111867,332394.13,3066366.18,45,180.00,20.00,1311.00,No,
P361,interpolated,85.3000000,27.7110068,332393.85,3066346.25,45,180.00,20.00,1309.00,No,
P362,interpolated,85.3000000,27.7108269,332393.58,3066326.32,45,180.00,20.00,1309.00,No,
P363,interpolated,85.3000000,27.7106471,332393.30,3066306.40,45,180.00,20.00,1308.00,No,
P364,interpolated,85.3000000,27.7104672,332393.03,3066286.46,45,180.00,20.00,1307.00,No,
P365,interpolated,85.3000000,27.7102873,332392.75,3066266.53,45,180.00,20.00,1307.00,No,
P366,interpolated,85.3000000,27.7101075,332392.48,3066246.61,45,180.00,20.00,1305.00,No,
P367,interpolated,85.3000000,27.7099276,332392.20,3066226.68,45,180.00,20.00,1303.00,No,
P368,interpolated,85.3000000,27.7097477,332391.92,3066206.75,45,180.00,20.00,1303.00,No,
P369,interpolated,85.3000000,27.7095679,332391.65,3066186.82,45,180.00,20.00,1301.00,No,
P370,interpolated,85.3000000,27.7093880,332391.38,3066166.89,45,180.00,20.00,1298.00,No,
P371,interpolated,85.3000000,27.7092081,332391.10,3066146.96,45,180.00,20.00,1298.00,No,
P372,interpolated,85.3000000,27.7090283,332390.82,3066127.04,45,180.00,20.00,1298.00,No,
P373,interpolated,85.3000000,27.7088484,332390.55,3066107.10,45,180.00,20.00,1297.00,No,
P374,interpolated,85.3000000,27.7086686,332390.28,3066087.18,45,180.00,20.00,1297.00,No,
P375,interpolated,85.3000000,27.7084887,332390.00,3066067.25,45,180.00,20.00,1296.00,No,
P376,interpolated,85.3000000,27.7083088,332389.72,3066047.32,45,180.00,20.00,1297.00,No,
P377,interpolated,85.3000000,27.7081290,332389.45,3066027.40,45,180.00,20.00,1297.00,No,
P378,interpolated,85.3000000,27.7079491,332389.18,3066007.46,45,180.00,20.00,1297.00,No,
P379,interpolated,85.3000000,27.7077692,332388.90,3065987.53,45,180.00,20.00,1298.00,No,
P380,interpolated,85.3000000,27.7075894,332388.62,3065967.61,45,180.00,20.00,1298.00,No,
P381,interpolated,85.3000000,27.7074095,332388.35,3065947.68,45,180.00,20.00,1299.00,No,
P382,interpolated,85.3000000,27.7072296,332388.08,3065927.74,45,180.00,20.00,1300.00,No,
P383,interpolated,85.3000000,27.7070498,332387.80,3065907.82,45,180.00,20.00,1300.00,No,
P384,interpolated,85.3000000,27.7068699,332387.52,3065887.89,45,180.00,20.00,1301.00,No,
P385,interpolated,85.3000000,27.7066900,332387.25,3065867.96,45,180.00,20.00,1299.00,No,
P386,interpolated,85.3000000,27.7065102,332386.98,3065848.04,45,180.00,20.00,1299.00,No,
P387,interpolated,85.3000000,27.7063303,332386.70,3065828.10,45,180.00,20.00,1297.00,No,
P388,interpolated,85.3000000,27.7061505,332386.42,3065808.18,45,180.00,20.00,1296.00,No,
P389,interpolated,85.3000000,27.7059706,332386.15,3065788.25,45,180.00,20.00,1296.00,No,
P390,interpolated,85.3000000,27.7057907,332385.88,3065768.32,45,180.00,20.00,1296.00,No,
P391,interpolated,85.3000000,27.7056109,332385.60,3065748.40,45,180.00,20.00,1296.00,No,
P392,interpolated,85.3000000,27.7054310,332385.32,3065728.46,45,180.00,20.00,1296.00,No,
P393,interpolated,85.3000000,27.7052511,332385.05,3065708.53,45,180.00,20.00,1297.00,No,
P394,interpolated,85.3000000,27.7050713,332384.78,3065688.61,45,180.00,20.00,1297.00,No,
P395,interpolated,85.3000000,27.7048914,332384.50,3065668.68,45,180.00,20.00,1297.00,No,
P396,interpolated,85.3000000,27.7047115,332384.22,3065648.74,45,180.00,20.00,1297.00,No,
P397,interpolated,85.3000000,27.7045317,332383.95,3065628.82,45,180.00,20.00,1296.00,No,
P398,interpolated,85.3000000,27.7043518,332383.68,3065608.89,45,180.00,20.00,1296.00,No,
P399,interpolated,85.3000000,27.7041720,332383.40,3065588.97,45,180.00,20.00,1293.00,No,
P400,interpolated,85.3000000,27.7039921,332383.12,3065569.04,45,180.00,20.00,1294.00,No,
P401,interpolated,85.3000000,27.7038122,332382.85,3065549.10,45,180.00,20.00,1294.00,No,
P402,interpolated,85.3000000,27.7036324,332382.58,3065529.18,45,180.00,20.00,1298.00,No,
P403,interpolated,85.3000000,27.7034525,332382.30,3065509.25,45,180.00,20.00,1302.00,No,
P404,interpolated,85.3000000,27.7032726,332382.03,3065489.32,45,180.00,20.00,1302.00,No,
P405,interpolated,85.3000000,27.7030928,332381.75,3065469.39,45,180.00,20.00,1301.00,No,
P406,interpolated,85.3000000,27.7029129,332381.48,3065449.46,45,180.00,20.00,1299.00,No,
P407,interpolated,85.3000000,27.7027330,332381.20,3065429.53,45,180.00,20.00,1299.00,No,
P408,interpolated,85.3000000,27.7025532,332380.93,3065409.61,45,180.00,20.00,1297.00,No,
P409,interpolated,85.3000000,27.7023733,332380.65,3065389.68,45,180.00,20.00,1296.00,No,
P410,interpolated,85.3000000,27.7021934,332380.38,3065369.74,45,180.00,20.00,1296.00,No,
P411,interpolated,85.3000000,27.7020136,332380.10,3065349.82,45,180.00,20.00,1296.00,No,
P412,interpolated,85.3000000,27.7018337,332379.83,3065329.89,45,180.00,20.00,1294.00,No,
P413,interpolated,85.3000000,27.7016539,332379.55,3065309.97,45,180.00,20.00,1294.00,No,
P414,interpolated,85.3000000,27.7014740,332379.28,3065290.03,45,180.00,20.00,1291.00,No,
P415,interpolated,85.3000000,27.7012941,332379.00,3065270.10,45,180.00,20.00,1289.00,No,
P416,interpolated,85.3000000,27.7011143,332378.73,3065250.18,45,180.00,20.00,1289.00,No,
P417,interpolated,85.3000000,27.7009344,332378.45,3065230.25,45,180.00,20.00,1290.00,No,
P418,interpolated,85.3000000,27.7007545,332378.18,3065210.32,45,180.00,20.00,1292.00,No,
P419,interpolated,85.3000000,27.7005747,332377.90,3065190.39,45,180.00,20.00,1292.00,No,
P420,interpolated,85.3000000,27.7003948,332377.63,3065170.46,45,180.00,20.00,1292.00,No,
P421,interpolated,85.3000000,27.7002149,332377.35,3065150.53,45,180.00,20.00,1292.00,No,
P422,interpolated,85.3000000,27.7000351,332377.08,3065130.61,45,180.00,3.90,1292.00,No,
